item_id,source_index,link,same_as
medbullets_039,39,https://bit.ly/3sB1jwE,medbullets_035
medbullets_075,75,https://step2.medbullets.com/testview?qid=217155,medbullets_015
medbullets_090,90,https://step2.medbullets.com/testview?qid=210076,medbullets_054
medbullets_132,132,https://bit.ly/3PkQ1FJ,medbullets_017
medbullets_175,175,https://step2.medbullets.com/testview?qid=210867,medbullets_084
medbullets_229,229,https://bit.ly/481p4x3,medbullets_225
medbullets_262,262,https://bit.ly/47NX9Au,medbullets_013
medbullets_275,275,https://step2.medbullets.com/testview?qid=210854,medbullets_145
medbullets_279,279,https://bit.ly/47Zw1Ph,medbullets_228
medbullets_305,305,https://bit.ly/483O4Um,medbullets_115
